H,NEL,NI,TA
0.000000,7.68000e+013,6.00000e+013,6520.00
50.0000,1.97000e+013,7.49000e+012,5790.00
100.000,9.89000e+012,1.40000e+012,5410.00
150.000,6.04000e+012,3.22000e+011,5150.00
200.000,3.93000e+012,1.10000e+011,4990.00
250.000,2.60000e+012,4.94000e+010,4880.00
300.000,1.71000e+012,2.38000e+010,4770.00
350.000,1.12000e+012,1.21000e+010,4660.00
400.000,7.24000e+011,6.70000e+009,4560.00
450.000,4.66000e+011,3.73000e+009,4460.00
500.000,3.03143e+011,2.70571e+009,4407.14
550.000,1.95286e+011,2.85571e+009,4421.43
600.000,1.26000e+011,5.46000e+009,4550.00
650.000,9.03000e+010,1.35000e+010,4750.00
700.000,8.34818e+010,3.29545e+010,5004.55
750.000,9.29700e+010,5.91100e+010,5255.00
800.000,1.06610e+011,8.30400e+010,5469.00
850.000,1.22400e+011,1.06640e+011,5634.00
900.000,1.23100e+011,1.10800e+011,5744.50
950.000,1.20000e+011,1.10400e+011,5842.00
1000.00,1.10000e+011,1.10000e+011,5900.00
1050.00,1.02906e+011,1.02906e+011,5978.14
1100.00,9.62691e+010,9.62691e+010,6057.32
1150.00,9.00604e+010,9.00604e+010,6137.55
1200.00,8.42521e+010,8.42521e+010,6218.84
1250.00,7.88184e+010,7.88184e+010,6301.21
1300.00,7.37352e+010,7.37352e+010,6384.67
1350.00,6.89798e+010,6.89798e+010,6469.23
1400.00,6.45311e+010,6.45311e+010,6554.92
1450.00,6.03693e+010,6.03693e+010,6641.74
1500.00,5.64759e+010,5.64759e+010,6729.71
1550.00,5.28336e+010,5.28336e+010,6818.84
1600.00,4.94262e+010,4.94262e+010,6909.15
1650.00,4.62385e+010,4.62385e+010,7000.66
1700.00,4.32565e+010,4.32565e+010,7093.39
1750.00,4.04667e+010,4.04667e+010,7187.34
1800.00,3.78569e+010,3.78569e+010,7282.53
1850.00,3.54154e+010,3.54154e+010,7378.99
1900.00,3.31314e+010,3.31314e+010,7476.72
1950.00,3.09946e+010,3.09946e+010,7575.75
2000.00,2.89957e+010,2.89957e+010,7676.09
2050.00,2.71257e+010,2.71257e+010,7777.76
2100.00,2.53762e+010,2.53762e+010,7880.77
2150.00,2.37397e+010,2.37397e+010,7985.15
2200.00,2.22086e+010,2.22086e+010,8090.91
2250.00,2.07763e+010,2.07763e+010,8198.08
2300.00,1.94364e+010,1.94364e+010,8306.66
2350.00,1.81829e+010,1.81829e+010,8416.68
2400.00,1.70102e+010,1.70102e+010,8528.16
2450.00,1.59132e+010,1.59132e+010,8641.11
2500.00,1.48869e+010,1.48869e+010,8755.56
2550.00,1.39268e+010,1.39268e+010,8871.53
2600.00,1.30286e+010,1.30286e+010,8989.03
2650.00,1.21883e+010,1.21883e+010,9108.09
2700.00,1.14023e+010,1.14023e+010,9228.72
2750.00,1.06669e+010,1.06669e+010,9350.96
2800.00,9.97897e+009,9.97897e+009,9474.81
2850.00,9.33540e+009,9.33540e+009,9600.30
2900.00,8.73333e+009,8.73333e+009,9727.46
2950.00,8.17009e+009,8.17009e+009,9856.29
3000.00,7.64318e+009,7.64318e+009,9986.84
3050.00,7.15025e+009,7.15025e+009,10119.1
3100.00,6.68911e+009,6.68911e+009,10253.1
3150.00,6.25771e+009,6.25771e+009,10388.9
3200.00,5.85413e+009,5.85413e+009,10526.5
3250.00,5.47658e+009,5.47658e+009,10666.0
3300.00,5.12338e+009,5.12338e+009,10807.2
3350.00,4.79295e+009,4.79295e+009,10950.4
3400.00,4.48384e+009,4.48384e+009,11095.4
3450.00,4.19467e+009,4.19467e+009,11242.4
3500.00,3.91713e+009,3.91713e+009,12920.6
3550.00,3.30508e+009,3.30508e+009,89535.7
3600.00,2.65834e+009,2.65834e+009,167234.
3650.00,1.72973e+009,1.72973e+009,253037.
3700.00,1.52806e+009,1.52806e+009,299238.
3750.00,1.32639e+009,1.32639e+009,345438.
3800.00,1.12471e+009,1.12471e+009,391639.
3850.00,1.07620e+009,1.07620e+009,408943.
3900.00,1.05262e+009,1.05262e+009,421543.
3950.00,1.02904e+009,1.02904e+009,434144.
4000.00,1.00545e+009,1.00545e+009,446744.
4050.00,9.81872e+008,9.81872e+008,459344.
4100.00,9.58291e+008,9.58291e+008,471944.
4150.00,9.34709e+008,9.34709e+008,484544.
4200.00,9.11128e+008,9.11128e+008,497144.
4250.00,8.87546e+008,8.87546e+008,509744.
4300.00,8.63965e+008,8.63965e+008,522344.
4350.00,8.40384e+008,8.40384e+008,534945.
4400.00,8.16802e+008,8.16802e+008,547545.
4450.00,7.93221e+008,7.93221e+008,560145.
4500.00,7.69639e+008,7.69639e+008,572745.
4550.00,7.46058e+008,7.46058e+008,585345.
4600.00,7.22476e+008,7.22476e+008,597945.
4650.00,6.98895e+008,6.98895e+008,610545.
4700.00,6.75314e+008,6.75314e+008,623146.
4750.00,6.58880e+008,6.58880e+008,632814.
4800.00,6.54111e+008,6.54111e+008,637700.
4850.00,6.49341e+008,6.49341e+008,642585.
4900.00,6.44571e+008,6.44571e+008,647471.
4950.00,6.39801e+008,6.39801e+008,652356.
5000.00,6.35031e+008,6.35031e+008,657242.
5050.00,6.30261e+008,6.30261e+008,662127.
5100.00,6.25491e+008,6.25491e+008,667013.
5150.00,6.20721e+008,6.20721e+008,671898.
5200.00,6.15951e+008,6.15951e+008,676784.
5250.00,6.11181e+008,6.11181e+008,681669.
5300.00,6.06411e+008,6.06411e+008,686555.
5350.00,6.01641e+008,6.01641e+008,691440.
5400.00,5.96872e+008,5.96872e+008,696326.
5450.00,5.92102e+008,5.92102e+008,701211.
5500.00,5.87332e+008,5.87332e+008,706097.
5550.00,5.82562e+008,5.82562e+008,710982.
5600.00,5.77792e+008,5.77792e+008,715867.
5650.00,5.73022e+008,5.73022e+008,720753.
5700.00,5.68252e+008,5.68252e+008,725638.
5750.00,5.63482e+008,5.63482e+008,730524.
5800.00,5.58712e+008,5.58712e+008,735409.
5850.00,5.53942e+008,5.53942e+008,740295.
5900.00,5.49172e+008,5.49172e+008,745180.
5950.00,5.44402e+008,5.44402e+008,750066.
6000.00,5.39633e+008,5.39633e+008,754951.
6050.00,5.34863e+008,5.34863e+008,759837.
6100.00,5.30093e+008,5.30093e+008,764722.
6150.00,5.25323e+008,5.25323e+008,769608.
6200.00,5.20553e+008,5.20553e+008,774493.
6250.00,5.15783e+008,5.15783e+008,779379.
6300.00,5.11013e+008,5.11013e+008,784264.
6350.00,5.06243e+008,5.06243e+008,789150.
6400.00,5.01473e+008,5.01473e+008,794035.
6450.00,4.99681e+008,4.99681e+008,796717.
6500.00,4.98079e+008,4.98079e+008,799258.
6550.00,4.96478e+008,4.96478e+008,801799.
6600.00,4.94876e+008,4.94876e+008,804340.
6650.00,4.93274e+008,4.93274e+008,806881.
6700.00,4.91672e+008,4.91672e+008,809422.
6750.00,4.90070e+008,4.90070e+008,811963.
6800.00,4.88468e+008,4.88468e+008,814504.
6850.00,4.86867e+008,4.86867e+008,817045.
6900.00,4.85265e+008,4.85265e+008,819586.
6950.00,4.83663e+008,4.83663e+008,822127.
7000.00,4.82061e+008,4.82061e+008,824668.
7050.00,4.80459e+008,4.80459e+008,827209.
7100.00,4.78858e+008,4.78858e+008,829751.
7150.00,4.77256e+008,4.77256e+008,832292.
7200.00,4.75654e+008,4.75654e+008,834833.
7250.00,4.74052e+008,4.74052e+008,837374.
7300.00,4.72450e+008,4.72450e+008,839915.
7350.00,4.70848e+008,4.70848e+008,842456.
7400.00,4.69247e+008,4.69247e+008,844997.
7450.00,4.67645e+008,4.67645e+008,847538.
7500.00,4.66043e+008,4.66043e+008,850079.
7550.00,4.64441e+008,4.64441e+008,852620.
7600.00,4.62839e+008,4.62839e+008,855161.
7650.00,4.61237e+008,4.61237e+008,857702.
7700.00,4.59636e+008,4.59636e+008,860243.
7750.00,4.58034e+008,4.58034e+008,862784.
7800.00,4.56432e+008,4.56432e+008,865325.
7850.00,4.54830e+008,4.54830e+008,867866.
7900.00,4.53228e+008,4.53228e+008,870407.
7950.00,4.51626e+008,4.51626e+008,872948.
8000.00,4.50025e+008,4.50025e+008,875489.
8050.00,4.48423e+008,4.48423e+008,878030.
8100.00,4.46821e+008,4.46821e+008,880571.
8150.00,4.45219e+008,4.45219e+008,883112.
8200.00,4.43617e+008,4.43617e+008,885653.
8250.00,4.42015e+008,4.42015e+008,888194.
8300.00,4.40414e+008,4.40414e+008,890735.
8350.00,4.38812e+008,4.38812e+008,893276.
8400.00,4.37210e+008,4.37210e+008,895818.
8450.00,4.35608e+008,4.35608e+008,898359.
8500.00,4.34006e+008,4.34006e+008,900900.
8550.00,4.32404e+008,4.32404e+008,903441.
8600.00,4.30803e+008,4.30803e+008,905982.
8650.00,4.29201e+008,4.29201e+008,908523.
8700.00,4.27599e+008,4.27599e+008,911064.
8750.00,4.25997e+008,4.25997e+008,913605.
8800.00,4.24395e+008,4.24395e+008,916146.
8850.00,4.22794e+008,4.22794e+008,918687.
8900.00,4.21192e+008,4.21192e+008,921228.
8950.00,4.19590e+008,4.19590e+008,923769.
9000.00,4.17988e+008,4.17988e+008,926310.
9050.00,4.16386e+008,4.16386e+008,928851.
9100.00,4.14784e+008,4.14784e+008,931392.
9150.00,4.13183e+008,4.13183e+008,933933.
9200.00,4.11581e+008,4.11581e+008,936474.
9250.00,4.09979e+008,4.09979e+008,939015.
9300.00,4.08377e+008,4.08377e+008,941556.
9350.00,4.06775e+008,4.06775e+008,944097.
9400.00,4.05173e+008,4.05173e+008,946638.
9450.00,4.03572e+008,4.03572e+008,949179.
9500.00,4.01970e+008,4.01970e+008,951720.
9550.00,4.00368e+008,4.00368e+008,954261.
9600.00,3.98766e+008,3.98766e+008,956802.
9650.00,3.97164e+008,3.97164e+008,959343.
9700.00,3.95562e+008,3.95562e+008,961884.
9750.00,3.93961e+008,3.93961e+008,964426.
9800.00,3.92359e+008,3.92359e+008,966967.
9850.00,3.90757e+008,3.90757e+008,969508.
9900.00,3.89155e+008,3.89155e+008,972049.
9950.00,3.87553e+008,3.87553e+008,974590.
10000.0,3.85951e+008,3.85951e+008,977131.
10050.0,3.84350e+008,3.84350e+008,979672.
10100.0,3.82748e+008,3.82748e+008,982213.
10150.0,3.81146e+008,3.81146e+008,984754.
10200.0,3.79544e+008,3.79544e+008,987295.
10250.0,3.77942e+008,3.77942e+008,989836.
10300.0,3.76340e+008,3.76340e+008,992377.
10350.0,3.74739e+008,3.74739e+008,994918.
10400.0,3.73137e+008,3.73137e+008,997459.
10450.0,3.71535e+008,3.71535e+008,1.00000e+006
10500.0,3.71071e+008,3.71071e+008,1.00081e+006
10550.0,3.70607e+008,3.70607e+008,1.00163e+006
10600.0,3.70143e+008,3.70143e+008,1.00244e+006
10650.0,3.69679e+008,3.69679e+008,1.00325e+006
10700.0,3.69215e+008,3.69215e+008,1.00407e+006
10750.0,3.68751e+008,3.68751e+008,1.00488e+006
10800.0,3.68287e+008,3.68287e+008,1.00570e+006
10850.0,3.67823e+008,3.67823e+008,1.00651e+006
10900.0,3.67358e+008,3.67358e+008,1.00732e+006
10950.0,3.66894e+008,3.66894e+008,1.00814e+006
11000.0,3.66430e+008,3.66430e+008,1.00895e+006
11050.0,3.65966e+008,3.65966e+008,1.00976e+006
11100.0,3.65502e+008,3.65502e+008,1.01058e+006
11150.0,3.65038e+008,3.65038e+008,1.01139e+006
11200.0,3.64574e+008,3.64574e+008,1.01221e+006
11250.0,3.64110e+008,3.64110e+008,1.01302e+006
11300.0,3.63646e+008,3.63646e+008,1.01383e+006
11350.0,3.63182e+008,3.63182e+008,1.01465e+006
11400.0,3.62718e+008,3.62718e+008,1.01546e+006
11450.0,3.62254e+008,3.62254e+008,1.01627e+006
11500.0,3.61790e+008,3.61790e+008,1.01709e+006
11550.0,3.61326e+008,3.61326e+008,1.01790e+006
11600.0,3.60862e+008,3.60862e+008,1.01872e+006
11650.0,3.60398e+008,3.60398e+008,1.01953e+006
11700.0,3.59934e+008,3.59934e+008,1.02034e+006
11750.0,3.59470e+008,3.59470e+008,1.02116e+006
11800.0,3.59005e+008,3.59005e+008,1.02197e+006
11850.0,3.58541e+008,3.58541e+008,1.02278e+006
11900.0,3.58077e+008,3.58077e+008,1.02360e+006
11950.0,3.57613e+008,3.57613e+008,1.02441e+006
12000.0,3.57149e+008,3.57149e+008,1.02523e+006
12050.0,3.56685e+008,3.56685e+008,1.02604e+006
12100.0,3.56221e+008,3.56221e+008,1.02685e+006
12150.0,3.55757e+008,3.55757e+008,1.02767e+006
12200.0,3.55293e+008,3.55293e+008,1.02848e+006
12250.0,3.54829e+008,3.54829e+008,1.02929e+006
12300.0,3.54365e+008,3.54365e+008,1.03011e+006
12350.0,3.53901e+008,3.53901e+008,1.03092e+006
12400.0,3.53437e+008,3.53437e+008,1.03174e+006
12450.0,3.52973e+008,3.52973e+008,1.03255e+006
12500.0,3.52509e+008,3.52509e+008,1.03336e+006
12550.0,3.52045e+008,3.52045e+008,1.03418e+006
12600.0,3.51581e+008,3.51581e+008,1.03499e+006
12650.0,3.51117e+008,3.51117e+008,1.03580e+006
12700.0,3.50652e+008,3.50652e+008,1.03662e+006
12750.0,3.50188e+008,3.50188e+008,1.03743e+006
12800.0,3.49724e+008,3.49724e+008,1.03824e+006
12850.0,3.49260e+008,3.49260e+008,1.03906e+006
12900.0,3.48796e+008,3.48796e+008,1.03987e+006
12950.0,3.48332e+008,3.48332e+008,1.04069e+006
13000.0,3.47868e+008,3.47868e+008,1.04150e+006
13050.0,3.47404e+008,3.47404e+008,1.04231e+006
13100.0,3.46940e+008,3.46940e+008,1.04313e+006
13150.0,3.46476e+008,3.46476e+008,1.04394e+006
13200.0,3.46012e+008,3.46012e+008,1.04475e+006
13250.0,3.45548e+008,3.45548e+008,1.04557e+006
13300.0,3.45084e+008,3.45084e+008,1.04638e+006
13350.0,3.44620e+008,3.44620e+008,1.04720e+006
13400.0,3.44156e+008,3.44156e+008,1.04801e+006
13450.0,3.43692e+008,3.43692e+008,1.04882e+006
13500.0,3.43228e+008,3.43228e+008,1.04964e+006
13550.0,3.42763e+008,3.42763e+008,1.05045e+006
13600.0,3.42299e+008,3.42299e+008,1.05126e+006
13650.0,3.41835e+008,3.41835e+008,1.05208e+006
13700.0,3.41371e+008,3.41371e+008,1.05289e+006
13750.0,3.40907e+008,3.40907e+008,1.05371e+006
13800.0,3.40443e+008,3.40443e+008,1.05452e+006
13850.0,3.39979e+008,3.39979e+008,1.05533e+006
13900.0,3.39515e+008,3.39515e+008,1.05615e+006
13950.0,3.39051e+008,3.39051e+008,1.05696e+006
14000.0,3.38587e+008,3.38587e+008,1.05777e+006
14050.0,3.38123e+008,3.38123e+008,1.05859e+006
14100.0,3.37659e+008,3.37659e+008,1.05940e+006
14150.0,3.37195e+008,3.37195e+008,1.06022e+006
14200.0,3.36731e+008,3.36731e+008,1.06103e+006
14250.0,3.36267e+008,3.36267e+008,1.06184e+006
14300.0,3.35803e+008,3.35803e+008,1.06266e+006
14350.0,3.35339e+008,3.35339e+008,1.06347e+006
14400.0,3.34875e+008,3.34875e+008,1.06428e+006
14450.0,3.34410e+008,3.34410e+008,1.06510e+006
14500.0,3.33946e+008,3.33946e+008,1.06591e+006
14550.0,3.33482e+008,3.33482e+008,1.06672e+006
14600.0,3.33018e+008,3.33018e+008,1.06754e+006
14650.0,3.32554e+008,3.32554e+008,1.06835e+006
14700.0,3.32090e+008,3.32090e+008,1.06917e+006
14750.0,3.31626e+008,3.31626e+008,1.06998e+006
14800.0,3.31162e+008,3.31162e+008,1.07079e+006
14850.0,3.30698e+008,3.30698e+008,1.07161e+006
14900.0,3.30234e+008,3.30234e+008,1.07242e+006
14950.0,3.29770e+008,3.29770e+008,1.07323e+006
15000.0,3.29306e+008,3.29306e+008,1.07405e+006
15050.0,3.28842e+008,3.28842e+008,1.07486e+006
15100.0,3.28378e+008,3.28378e+008,1.07568e+006
15150.0,3.27914e+008,3.27914e+008,1.07649e+006
15200.0,3.27450e+008,3.27450e+008,1.07730e+006
15250.0,3.26986e+008,3.26986e+008,1.07812e+006
15300.0,3.26522e+008,3.26522e+008,1.07893e+006
15350.0,3.26057e+008,3.26057e+008,1.07974e+006
15400.0,3.25593e+008,3.25593e+008,1.08056e+006
15450.0,3.25129e+008,3.25129e+008,1.08137e+006
15500.0,3.24665e+008,3.24665e+008,1.08219e+006
15550.0,3.24201e+008,3.24201e+008,1.08300e+006
15600.0,3.23737e+008,3.23737e+008,1.08381e+006
15650.0,3.23273e+008,3.23273e+008,1.08463e+006
15700.0,3.22809e+008,3.22809e+008,1.08544e+006
15750.0,3.22345e+008,3.22345e+008,1.08625e+006
15800.0,3.21881e+008,3.21881e+008,1.08707e+006
15850.0,3.21417e+008,3.21417e+008,1.08788e+006
15900.0,3.20953e+008,3.20953e+008,1.08870e+006
15950.0,3.20489e+008,3.20489e+008,1.08951e+006
16000.0,3.20025e+008,3.20025e+008,1.09032e+006
16050.0,3.19561e+008,3.19561e+008,1.09114e+006
16100.0,3.19097e+008,3.19097e+008,1.09195e+006
16150.0,3.18633e+008,3.18633e+008,1.09276e+006
16200.0,3.18169e+008,3.18169e+008,1.09358e+006
16250.0,3.17704e+008,3.17704e+008,1.09439e+006
16300.0,3.17240e+008,3.17240e+008,1.09521e+006
16350.0,3.16776e+008,3.16776e+008,1.09602e+006
16400.0,3.16312e+008,3.16312e+008,1.09683e+006
16450.0,3.15848e+008,3.15848e+008,1.09765e+006
16500.0,3.15384e+008,3.15384e+008,1.09846e+006
16550.0,3.14920e+008,3.14920e+008,1.09927e+006
16600.0,3.14456e+008,3.14456e+008,1.10009e+006
16650.0,3.13992e+008,3.13992e+008,1.10090e+006
16700.0,3.13528e+008,3.13528e+008,1.10171e+006
16750.0,3.13064e+008,3.13064e+008,1.10253e+006
16800.0,3.12600e+008,3.12600e+008,1.10334e+006
16850.0,3.12136e+008,3.12136e+008,1.10416e+006
16900.0,3.11672e+008,3.11672e+008,1.10497e+006
16950.0,3.11208e+008,3.11208e+008,1.10578e+006
17000.0,3.10744e+008,3.10744e+008,1.10660e+006
17050.0,3.10280e+008,3.10280e+008,1.10741e+006
17100.0,3.09816e+008,3.09816e+008,1.10822e+006
17150.0,3.09351e+008,3.09351e+008,1.10904e+006
17200.0,3.08887e+008,3.08887e+008,1.10985e+006
17250.0,3.08423e+008,3.08423e+008,1.11067e+006
17300.0,3.07959e+008,3.07959e+008,1.11148e+006
17350.0,3.07495e+008,3.07495e+008,1.11229e+006
17400.0,3.07031e+008,3.07031e+008,1.11311e+006
17450.0,3.06567e+008,3.06567e+008,1.11392e+006
17500.0,3.06103e+008,3.06103e+008,1.11473e+006
17550.0,3.05639e+008,3.05639e+008,1.11555e+006
17600.0,3.05175e+008,3.05175e+008,1.11636e+006
17650.0,3.04711e+008,3.04711e+008,1.11718e+006
17700.0,3.04247e+008,3.04247e+008,1.11799e+006
17750.0,3.03783e+008,3.03783e+008,1.11880e+006
17800.0,3.03319e+008,3.03319e+008,1.11962e+006
17850.0,3.02855e+008,3.02855e+008,1.12043e+006
17900.0,3.02391e+008,3.02391e+008,1.12124e+006
17950.0,3.01927e+008,3.01927e+008,1.12206e+006
18000.0,3.01462e+008,3.01462e+008,1.12287e+006
18050.0,3.00998e+008,3.00998e+008,1.12369e+006
18100.0,3.00534e+008,3.00534e+008,1.12450e+006
18150.0,3.00070e+008,3.00070e+008,1.12531e+006
18200.0,2.99606e+008,2.99606e+008,1.12613e+006
18250.0,2.99142e+008,2.99142e+008,1.12694e+006
18300.0,2.98678e+008,2.98678e+008,1.12775e+006
18350.0,2.98214e+008,2.98214e+008,1.12857e+006
18400.0,2.97750e+008,2.97750e+008,1.12938e+006
18450.0,2.97286e+008,2.97286e+008,1.13019e+006
18500.0,2.96822e+008,2.96822e+008,1.13101e+006
18550.0,2.96358e+008,2.96358e+008,1.13182e+006
18600.0,2.95894e+008,2.95894e+008,1.13264e+006
18650.0,2.95430e+008,2.95430e+008,1.13345e+006
18700.0,2.94966e+008,2.94966e+008,1.13426e+006
18750.0,2.94502e+008,2.94502e+008,1.13508e+006
18800.0,2.94038e+008,2.94038e+008,1.13589e+006
18850.0,2.93574e+008,2.93574e+008,1.13670e+006
18900.0,2.93109e+008,2.93109e+008,1.13752e+006
18950.0,2.92645e+008,2.92645e+008,1.13833e+006
19000.0,2.92181e+008,2.92181e+008,1.13915e+006
19050.0,2.91717e+008,2.91717e+008,1.13996e+006
19100.0,2.91253e+008,2.91253e+008,1.14077e+006
19150.0,2.90789e+008,2.90789e+008,1.14159e+006
19200.0,2.90325e+008,2.90325e+008,1.14240e+006
19250.0,2.89861e+008,2.89861e+008,1.14321e+006
19300.0,2.89397e+008,2.89397e+008,1.14403e+006
19350.0,2.88933e+008,2.88933e+008,1.14484e+006
19400.0,2.88469e+008,2.88469e+008,1.14566e+006
19450.0,2.88005e+008,2.88005e+008,1.14647e+006
19500.0,2.87541e+008,2.87541e+008,1.14728e+006
19550.0,2.87077e+008,2.87077e+008,1.14810e+006
19600.0,2.86613e+008,2.86613e+008,1.14891e+006
19650.0,2.86149e+008,2.86149e+008,1.14972e+006
19700.0,2.85685e+008,2.85685e+008,1.15054e+006
19750.0,2.85221e+008,2.85221e+008,1.15135e+006
19800.0,2.84756e+008,2.84756e+008,1.15217e+006
19850.0,2.84292e+008,2.84292e+008,1.15298e+006
19900.0,2.83828e+008,2.83828e+008,1.15379e+006
19950.0,2.83364e+008,2.83364e+008,1.15461e+006
20000.0,2.82900e+008,2.82900e+008,1.15542e+006
20050.0,2.82436e+008,2.82436e+008,1.15623e+006
20100.0,2.81972e+008,2.81972e+008,1.15705e+006
20150.0,2.81508e+008,2.81508e+008,1.15786e+006
20200.0,2.81044e+008,2.81044e+008,1.15868e+006
20250.0,2.80580e+008,2.80580e+008,1.15949e+006
20300.0,2.80116e+008,2.80116e+008,1.16030e+006
20350.0,2.79652e+008,2.79652e+008,1.16112e+006
20400.0,2.79188e+008,2.79188e+008,1.16193e+006
20450.0,2.78724e+008,2.78724e+008,1.16274e+006
20500.0,2.78260e+008,2.78260e+008,1.16356e+006
20550.0,2.77796e+008,2.77796e+008,1.16437e+006
20600.0,2.77332e+008,2.77332e+008,1.16518e+006
20650.0,2.76868e+008,2.76868e+008,1.16600e+006
20700.0,2.76403e+008,2.76403e+008,1.16681e+006
20750.0,2.75939e+008,2.75939e+008,1.16763e+006
20800.0,2.75475e+008,2.75475e+008,1.16844e+006
20850.0,2.75011e+008,2.75011e+008,1.16925e+006
20900.0,2.74547e+008,2.74547e+008,1.17007e+006
20950.0,2.74083e+008,2.74083e+008,1.17088e+006
21000.0,2.73619e+008,2.73619e+008,1.17169e+006
21050.0,2.73155e+008,2.73155e+008,1.17251e+006
21100.0,2.72691e+008,2.72691e+008,1.17332e+006
21150.0,2.72227e+008,2.72227e+008,1.17414e+006
21200.0,2.71763e+008,2.71763e+008,1.17495e+006
21250.0,2.71299e+008,2.71299e+008,1.17576e+006
21300.0,2.70835e+008,2.70835e+008,1.17658e+006
21350.0,2.70371e+008,2.70371e+008,1.17739e+006
21400.0,2.69907e+008,2.69907e+008,1.17820e+006
21450.0,2.69443e+008,2.69443e+008,1.17902e+006
21500.0,2.68979e+008,2.68979e+008,1.17983e+006
21550.0,2.68514e+008,2.68514e+008,1.18065e+006
21600.0,2.68050e+008,2.68050e+008,1.18146e+006
21650.0,2.67586e+008,2.67586e+008,1.18227e+006
21700.0,2.67122e+008,2.67122e+008,1.18309e+006
21750.0,2.66658e+008,2.66658e+008,1.18390e+006
21800.0,2.66194e+008,2.66194e+008,1.18471e+006
21850.0,2.65730e+008,2.65730e+008,1.18553e+006
21900.0,2.65266e+008,2.65266e+008,1.18634e+006
21950.0,2.64802e+008,2.64802e+008,1.18716e+006
22000.0,2.64338e+008,2.64338e+008,1.18797e+006
22050.0,2.63874e+008,2.63874e+008,1.18878e+006
22100.0,2.63410e+008,2.63410e+008,1.18960e+006
22150.0,2.62946e+008,2.62946e+008,1.19041e+006
22200.0,2.62482e+008,2.62482e+008,1.19122e+006
22250.0,2.62018e+008,2.62018e+008,1.19204e+006
22300.0,2.61554e+008,2.61554e+008,1.19285e+006
22350.0,2.61090e+008,2.61090e+008,1.19367e+006
22400.0,2.60626e+008,2.60626e+008,1.19448e+006
22450.0,2.60162e+008,2.60162e+008,1.19529e+006
22500.0,2.59697e+008,2.59697e+008,1.19611e+006
22550.0,2.59233e+008,2.59233e+008,1.19692e+006
22600.0,2.58769e+008,2.58769e+008,1.19773e+006
22650.0,2.58305e+008,2.58305e+008,1.19855e+006
22700.0,2.57841e+008,2.57841e+008,1.19936e+006
22750.0,2.57377e+008,2.57377e+008,1.20017e+006
22800.0,2.56913e+008,2.56913e+008,1.20099e+006
22850.0,2.56449e+008,2.56449e+008,1.20180e+006
22900.0,2.55985e+008,2.55985e+008,1.20262e+006
22950.0,2.55521e+008,2.55521e+008,1.20343e+006
23000.0,2.55057e+008,2.55057e+008,1.20424e+006
23050.0,2.54593e+008,2.54593e+008,1.20506e+006
23100.0,2.54129e+008,2.54129e+008,1.20587e+006
23150.0,2.53665e+008,2.53665e+008,1.20668e+006
23200.0,2.53201e+008,2.53201e+008,1.20750e+006
23250.0,2.52737e+008,2.52737e+008,1.20831e+006
23300.0,2.52273e+008,2.52273e+008,1.20913e+006
23350.0,2.51808e+008,2.51808e+008,1.20994e+006
23400.0,2.51344e+008,2.51344e+008,1.21075e+006
23450.0,2.50880e+008,2.50880e+008,1.21157e+006
23500.0,2.50416e+008,2.50416e+008,1.21238e+006
23550.0,2.49952e+008,2.49952e+008,1.21319e+006
23600.0,2.49488e+008,2.49488e+008,1.21401e+006
23650.0,2.49024e+008,2.49024e+008,1.21482e+006
23700.0,2.48560e+008,2.48560e+008,1.21564e+006
23750.0,2.48096e+008,2.48096e+008,1.21645e+006
23800.0,2.47632e+008,2.47632e+008,1.21726e+006
23850.0,2.47168e+008,2.47168e+008,1.21808e+006
23900.0,2.46704e+008,2.46704e+008,1.21889e+006
23950.0,2.46240e+008,2.46240e+008,1.21970e+006
24000.0,2.45776e+008,2.45776e+008,1.22052e+006
24050.0,2.45312e+008,2.45312e+008,1.22133e+006
24100.0,2.44848e+008,2.44848e+008,1.22215e+006
24150.0,2.44384e+008,2.44384e+008,1.22296e+006
24200.0,2.43920e+008,2.43920e+008,1.22377e+006
24250.0,2.43455e+008,2.43455e+008,1.22459e+006
24300.0,2.42991e+008,2.42991e+008,1.22540e+006
24350.0,2.42527e+008,2.42527e+008,1.22621e+006
24400.0,2.42063e+008,2.42063e+008,1.22703e+006
24450.0,2.41599e+008,2.41599e+008,1.22784e+006
24500.0,2.41135e+008,2.41135e+008,1.22865e+006
24550.0,2.40671e+008,2.40671e+008,1.22947e+006
24600.0,2.40207e+008,2.40207e+008,1.23028e+006
24650.0,2.39743e+008,2.39743e+008,1.23110e+006
24700.0,2.39279e+008,2.39279e+008,1.23191e+006
24750.0,2.38815e+008,2.38815e+008,1.23272e+006
24800.0,2.38351e+008,2.38351e+008,1.23354e+006
24850.0,2.37887e+008,2.37887e+008,1.23435e+006
24900.0,2.37423e+008,2.37423e+008,1.23516e+006
24950.0,2.36959e+008,2.36959e+008,1.23598e+006
25000.0,2.36495e+008,2.36495e+008,1.23679e+006
25050.0,2.36031e+008,2.36031e+008,1.23761e+006
25100.0,2.35567e+008,2.35567e+008,1.23842e+006
25150.0,2.35102e+008,2.35102e+008,1.23923e+006
25200.0,2.34638e+008,2.34638e+008,1.24005e+006
25250.0,2.34174e+008,2.34174e+008,1.24086e+006
25300.0,2.33710e+008,2.33710e+008,1.24167e+006
25350.0,2.33246e+008,2.33246e+008,1.24249e+006
25400.0,2.32782e+008,2.32782e+008,1.24330e+006
25450.0,2.32318e+008,2.32318e+008,1.24412e+006
25500.0,2.31854e+008,2.31854e+008,1.24493e+006
25550.0,2.31390e+008,2.31390e+008,1.24574e+006
25600.0,2.30926e+008,2.30926e+008,1.24656e+006
25650.0,2.30462e+008,2.30462e+008,1.24737e+006
25700.0,2.29998e+008,2.29998e+008,1.24818e+006
25750.0,2.29534e+008,2.29534e+008,1.24900e+006
25800.0,2.29070e+008,2.29070e+008,1.24981e+006
25850.0,2.28606e+008,2.28606e+008,1.25063e+006
25900.0,2.28142e+008,2.28142e+008,1.25144e+006
25950.0,2.27678e+008,2.27678e+008,1.25225e+006
26000.0,2.27214e+008,2.27214e+008,1.25307e+006
26050.0,2.26749e+008,2.26749e+008,1.25388e+006
26100.0,2.26285e+008,2.26285e+008,1.25469e+006
26150.0,2.25821e+008,2.25821e+008,1.25551e+006
26200.0,2.25357e+008,2.25357e+008,1.25632e+006
26250.0,2.24893e+008,2.24893e+008,1.25714e+006
26300.0,2.24429e+008,2.24429e+008,1.25795e+006
26350.0,2.23965e+008,2.23965e+008,1.25876e+006
26400.0,2.23658e+008,2.23658e+008,1.25946e+006
26450.0,2.23389e+008,2.23389e+008,1.26013e+006
26500.0,2.23121e+008,2.23121e+008,1.26080e+006
26550.0,2.22852e+008,2.22852e+008,1.26147e+006
26600.0,2.22584e+008,2.22584e+008,1.26213e+006
26650.0,2.22315e+008,2.22315e+008,1.26280e+006
26700.0,2.22047e+008,2.22047e+008,1.26347e+006
26750.0,2.21778e+008,2.21778e+008,1.26414e+006
26800.0,2.21510e+008,2.21510e+008,1.26481e+006
26850.0,2.21241e+008,2.21241e+008,1.26548e+006
26900.0,2.20973e+008,2.20973e+008,1.26614e+006
26950.0,2.20705e+008,2.20705e+008,1.26681e+006
27000.0,2.20436e+008,2.20436e+008,1.26748e+006
27050.0,2.20168e+008,2.20168e+008,1.26815e+006
27100.0,2.19899e+008,2.19899e+008,1.26882e+006
27150.0,2.19631e+008,2.19631e+008,1.26949e+006
27200.0,2.19362e+008,2.19362e+008,1.27016e+006
27250.0,2.19094e+008,2.19094e+008,1.27082e+006
27300.0,2.18825e+008,2.18825e+008,1.27149e+006
27350.0,2.18557e+008,2.18557e+008,1.27216e+006
27400.0,2.18288e+008,2.18288e+008,1.27283e+006
27450.0,2.18020e+008,2.18020e+008,1.27350e+006
27500.0,2.17752e+008,2.17752e+008,1.27417e+006
27550.0,2.17483e+008,2.17483e+008,1.27483e+006
27600.0,2.17215e+008,2.17215e+008,1.27550e+006
27650.0,2.16946e+008,2.16946e+008,1.27617e+006
27700.0,2.16678e+008,2.16678e+008,1.27684e+006
27750.0,2.16409e+008,2.16409e+008,1.27751e+006
27800.0,2.16141e+008,2.16141e+008,1.27818e+006
27850.0,2.15872e+008,2.15872e+008,1.27885e+006
27900.0,2.15604e+008,2.15604e+008,1.27951e+006
27950.0,2.15335e+008,2.15335e+008,1.28018e+006
28000.0,2.15067e+008,2.15067e+008,1.28085e+006
28050.0,2.14798e+008,2.14798e+008,1.28152e+006
28100.0,2.14530e+008,2.14530e+008,1.28219e+006
28150.0,2.14262e+008,2.14262e+008,1.28286e+006
28200.0,2.13993e+008,2.13993e+008,1.28352e+006
28250.0,2.13725e+008,2.13725e+008,1.28419e+006
28300.0,2.13456e+008,2.13456e+008,1.28486e+006
28350.0,2.13188e+008,2.13188e+008,1.28553e+006
28400.0,2.12919e+008,2.12919e+008,1.28620e+006
28450.0,2.12651e+008,2.12651e+008,1.28687e+006
28500.0,2.12382e+008,2.12382e+008,1.28754e+006
28550.0,2.12114e+008,2.12114e+008,1.28820e+006
28600.0,2.11845e+008,2.11845e+008,1.28887e+006
28650.0,2.11577e+008,2.11577e+008,1.28954e+006
28700.0,2.11309e+008,2.11309e+008,1.29021e+006
28750.0,2.11040e+008,2.11040e+008,1.29088e+006
28800.0,2.10772e+008,2.10772e+008,1.29155e+006
28850.0,2.10503e+008,2.10503e+008,1.29221e+006
28900.0,2.10235e+008,2.10235e+008,1.29288e+006
28950.0,2.09966e+008,2.09966e+008,1.29355e+006
29000.0,2.09698e+008,2.09698e+008,1.29422e+006
29050.0,2.09429e+008,2.09429e+008,1.29489e+006
29100.0,2.09161e+008,2.09161e+008,1.29556e+006
29150.0,2.08892e+008,2.08892e+008,1.29623e+006
29200.0,2.08624e+008,2.08624e+008,1.29689e+006
29250.0,2.08356e+008,2.08356e+008,1.29756e+006
29300.0,2.08087e+008,2.08087e+008,1.29823e+006
29350.0,2.07819e+008,2.07819e+008,1.29890e+006
29400.0,2.07550e+008,2.07550e+008,1.29957e+006
29450.0,2.07282e+008,2.07282e+008,1.30024e+006
29500.0,2.07013e+008,2.07013e+008,1.30090e+006
29550.0,2.06745e+008,2.06745e+008,1.30157e+006
29600.0,2.06476e+008,2.06476e+008,1.30224e+006
29650.0,2.06208e+008,2.06208e+008,1.30291e+006
29700.0,2.05939e+008,2.05939e+008,1.30358e+006
29750.0,2.05671e+008,2.05671e+008,1.30425e+006
29800.0,2.05402e+008,2.05402e+008,1.30492e+006
29850.0,2.05134e+008,2.05134e+008,1.30558e+006
29900.0,2.04866e+008,2.04866e+008,1.30625e+006
29950.0,2.04597e+008,2.04597e+008,1.30692e+006
30000.0,2.04329e+008,2.04329e+008,1.30759e+006
30050.0,2.04060e+008,2.04060e+008,1.30826e+006
30100.0,2.03792e+008,2.03792e+008,1.30893e+006
30150.0,2.03523e+008,2.03523e+008,1.30959e+006
30200.0,2.03255e+008,2.03255e+008,1.31026e+006
30250.0,2.02986e+008,2.02986e+008,1.31093e+006
30300.0,2.02718e+008,2.02718e+008,1.31160e+006
30350.0,2.02449e+008,2.02449e+008,1.31227e+006
30400.0,2.02181e+008,2.02181e+008,1.31294e+006
30450.0,2.01913e+008,2.01913e+008,1.31361e+006
30500.0,2.01644e+008,2.01644e+008,1.31427e+006
30550.0,2.01376e+008,2.01376e+008,1.31494e+006
30600.0,2.01107e+008,2.01107e+008,1.31561e+006
30650.0,2.00839e+008,2.00839e+008,1.31628e+006
30700.0,2.00570e+008,2.00570e+008,1.31695e+006
30750.0,2.00302e+008,2.00302e+008,1.31762e+006
30800.0,2.00033e+008,2.00033e+008,1.31828e+006
30850.0,1.99765e+008,1.99765e+008,1.31895e+006
30900.0,1.99496e+008,1.99496e+008,1.31962e+006
30950.0,1.99228e+008,1.99228e+008,1.32029e+006
31000.0,1.98960e+008,1.98960e+008,1.32096e+006
31050.0,1.98691e+008,1.98691e+008,1.32163e+006
31100.0,1.98423e+008,1.98423e+008,1.32230e+006
31150.0,1.98154e+008,1.98154e+008,1.32296e+006
31200.0,1.97886e+008,1.97886e+008,1.32363e+006
31250.0,1.97617e+008,1.97617e+008,1.32430e+006
31300.0,1.97349e+008,1.97349e+008,1.32497e+006
31350.0,1.97080e+008,1.97080e+008,1.32564e+006
31400.0,1.96812e+008,1.96812e+008,1.32631e+006
31450.0,1.96543e+008,1.96543e+008,1.32697e+006
31500.0,1.96275e+008,1.96275e+008,1.32764e+006
31550.0,1.96007e+008,1.96007e+008,1.32831e+006
31600.0,1.95738e+008,1.95738e+008,1.32898e+006
31650.0,1.95470e+008,1.95470e+008,1.32965e+006
31700.0,1.95201e+008,1.95201e+008,1.33032e+006
31750.0,1.94933e+008,1.94933e+008,1.33099e+006
31800.0,1.94664e+008,1.94664e+008,1.33165e+006
31850.0,1.94396e+008,1.94396e+008,1.33232e+006
31900.0,1.94127e+008,1.94127e+008,1.33299e+006
31950.0,1.93859e+008,1.93859e+008,1.33366e+006
32000.0,1.93590e+008,1.93590e+008,1.33433e+006
32050.0,1.93322e+008,1.93322e+008,1.33500e+006
32100.0,1.93054e+008,1.93054e+008,1.33566e+006
32150.0,1.92785e+008,1.92785e+008,1.33633e+006
32200.0,1.92517e+008,1.92517e+008,1.33700e+006
32250.0,1.92248e+008,1.92248e+008,1.33767e+006
32300.0,1.91980e+008,1.91980e+008,1.33834e+006
32350.0,1.91711e+008,1.91711e+008,1.33901e+006
32400.0,1.91443e+008,1.91443e+008,1.33968e+006
32450.0,1.91174e+008,1.91174e+008,1.34034e+006
32500.0,1.90906e+008,1.90906e+008,1.34101e+006
32550.0,1.90637e+008,1.90637e+008,1.34168e+006
32600.0,1.90369e+008,1.90369e+008,1.34235e+006
32650.0,1.90100e+008,1.90100e+008,1.34302e+006
32700.0,1.89832e+008,1.89832e+008,1.34369e+006
32750.0,1.89564e+008,1.89564e+008,1.34435e+006
32800.0,1.89295e+008,1.89295e+008,1.34502e+006
32850.0,1.89027e+008,1.89027e+008,1.34569e+006
32900.0,1.88758e+008,1.88758e+008,1.34636e+006
32950.0,1.88490e+008,1.88490e+008,1.34703e+006
33000.0,1.88221e+008,1.88221e+008,1.34770e+006
33050.0,1.87953e+008,1.87953e+008,1.34837e+006
33100.0,1.87684e+008,1.87684e+008,1.34903e+006
33150.0,1.87416e+008,1.87416e+008,1.34970e+006
33200.0,1.87147e+008,1.87147e+008,1.35037e+006
33250.0,1.86879e+008,1.86879e+008,1.35104e+006
33300.0,1.86611e+008,1.86611e+008,1.35171e+006
33350.0,1.86342e+008,1.86342e+008,1.35238e+006
33400.0,1.86074e+008,1.86074e+008,1.35304e+006
33450.0,1.85805e+008,1.85805e+008,1.35371e+006
33500.0,1.85537e+008,1.85537e+008,1.35438e+006
33550.0,1.85268e+008,1.85268e+008,1.35505e+006
33600.0,1.85000e+008,1.85000e+008,1.35572e+006
33650.0,1.84731e+008,1.84731e+008,1.35639e+006
33700.0,1.84463e+008,1.84463e+008,1.35706e+006
33750.0,1.84194e+008,1.84194e+008,1.35772e+006
33800.0,1.83926e+008,1.83926e+008,1.35839e+006
33850.0,1.83658e+008,1.83658e+008,1.35906e+006
33900.0,1.83389e+008,1.83389e+008,1.35973e+006
33950.0,1.83121e+008,1.83121e+008,1.36040e+006
34000.0,1.82852e+008,1.82852e+008,1.36107e+006
34050.0,1.82584e+008,1.82584e+008,1.36173e+006
34100.0,1.82315e+008,1.82315e+008,1.36240e+006
34150.0,1.82047e+008,1.82047e+008,1.36307e+006
34200.0,1.81778e+008,1.81778e+008,1.36374e+006
34250.0,1.81510e+008,1.81510e+008,1.36441e+006
34300.0,1.81241e+008,1.81241e+008,1.36508e+006
34350.0,1.80973e+008,1.80973e+008,1.36575e+006
34400.0,1.80705e+008,1.80705e+008,1.36641e+006
34450.0,1.80436e+008,1.80436e+008,1.36708e+006
34500.0,1.80168e+008,1.80168e+008,1.36775e+006
34550.0,1.79899e+008,1.79899e+008,1.36842e+006
34600.0,1.79631e+008,1.79631e+008,1.36909e+006
34650.0,1.79362e+008,1.79362e+008,1.36976e+006
34700.0,1.79094e+008,1.79094e+008,1.37042e+006
34750.0,1.78825e+008,1.78825e+008,1.37109e+006
34800.0,1.78557e+008,1.78557e+008,1.37176e+006
34850.0,1.78288e+008,1.78288e+008,1.37243e+006
34900.0,1.78020e+008,1.78020e+008,1.37310e+006
34950.0,1.77751e+008,1.77751e+008,1.37377e+006
35000.0,1.77483e+008,1.77483e+008,1.37444e+006
35050.0,1.77215e+008,1.77215e+008,1.37510e+006
35100.0,1.76946e+008,1.76946e+008,1.37577e+006
35150.0,1.76678e+008,1.76678e+008,1.37644e+006
35200.0,1.76409e+008,1.76409e+008,1.37711e+006
35250.0,1.76141e+008,1.76141e+008,1.37778e+006
35300.0,1.75872e+008,1.75872e+008,1.37845e+006
35350.0,1.75604e+008,1.75604e+008,1.37911e+006
35400.0,1.75335e+008,1.75335e+008,1.37978e+006
35450.0,1.75067e+008,1.75067e+008,1.38045e+006
35500.0,1.74798e+008,1.74798e+008,1.38112e+006
35550.0,1.74530e+008,1.74530e+008,1.38179e+006
35600.0,1.74262e+008,1.74262e+008,1.38246e+006
35650.0,1.73993e+008,1.73993e+008,1.38313e+006
35700.0,1.73725e+008,1.73725e+008,1.38379e+006
35750.0,1.73456e+008,1.73456e+008,1.38446e+006
35800.0,1.73188e+008,1.73188e+008,1.38513e+006
35850.0,1.72919e+008,1.72919e+008,1.38580e+006
35900.0,1.72651e+008,1.72651e+008,1.38647e+006
35950.0,1.72382e+008,1.72382e+008,1.38714e+006
36000.0,1.72114e+008,1.72114e+008,1.38780e+006
36050.0,1.71845e+008,1.71845e+008,1.38847e+006
36100.0,1.71577e+008,1.71577e+008,1.38914e+006
36150.0,1.71309e+008,1.71309e+008,1.38981e+006
36200.0,1.71040e+008,1.71040e+008,1.39048e+006
36250.0,1.70772e+008,1.70772e+008,1.39115e+006
36300.0,1.70503e+008,1.70503e+008,1.39182e+006
36350.0,1.70235e+008,1.70235e+008,1.39248e+006
36400.0,1.69966e+008,1.69966e+008,1.39315e+006
36450.0,1.69698e+008,1.69698e+008,1.39382e+006
36500.0,1.69429e+008,1.69429e+008,1.39449e+006
36550.0,1.69161e+008,1.69161e+008,1.39516e+006
36600.0,1.68892e+008,1.68892e+008,1.39583e+006
36650.0,1.68624e+008,1.68624e+008,1.39649e+006
36700.0,1.68356e+008,1.68356e+008,1.39716e+006
36750.0,1.68087e+008,1.68087e+008,1.39783e+006
36800.0,1.67819e+008,1.67819e+008,1.39850e+006
36850.0,1.67550e+008,1.67550e+008,1.39917e+006
36900.0,1.67282e+008,1.67282e+008,1.39984e+006
36950.0,1.67013e+008,1.67013e+008,1.40051e+006
37000.0,1.66745e+008,1.66745e+008,1.40117e+006
37050.0,1.66476e+008,1.66476e+008,1.40184e+006
37100.0,1.66208e+008,1.66208e+008,1.40251e+006
37150.0,1.65939e+008,1.65939e+008,1.40318e+006
37200.0,1.65671e+008,1.65671e+008,1.40385e+006
37250.0,1.65402e+008,1.65402e+008,1.40452e+006
37300.0,1.65134e+008,1.65134e+008,1.40518e+006
37350.0,1.64866e+008,1.64866e+008,1.40585e+006
37400.0,1.64597e+008,1.64597e+008,1.40652e+006
37450.0,1.64329e+008,1.64329e+008,1.40719e+006
37500.0,1.64060e+008,1.64060e+008,1.40786e+006
37550.0,1.63792e+008,1.63792e+008,1.40853e+006
37600.0,1.63523e+008,1.63523e+008,1.40920e+006
37650.0,1.63255e+008,1.63255e+008,1.40986e+006
37700.0,1.62986e+008,1.62986e+008,1.41053e+006
37750.0,1.62718e+008,1.62718e+008,1.41120e+006
37800.0,1.62449e+008,1.62449e+008,1.41187e+006
37850.0,1.62181e+008,1.62181e+008,1.41254e+006
37900.0,1.61913e+008,1.61913e+008,1.41321e+006
37950.0,1.61644e+008,1.61644e+008,1.41387e+006
38000.0,1.61376e+008,1.61376e+008,1.41454e+006
38050.0,1.61107e+008,1.61107e+008,1.41521e+006
38100.0,1.60839e+008,1.60839e+008,1.41588e+006
38150.0,1.60570e+008,1.60570e+008,1.41655e+006
38200.0,1.60302e+008,1.60302e+008,1.41722e+006
38250.0,1.60033e+008,1.60033e+008,1.41789e+006
38300.0,1.59765e+008,1.59765e+008,1.41855e+006
38350.0,1.59496e+008,1.59496e+008,1.41922e+006
38400.0,1.59228e+008,1.59228e+008,1.41989e+006
38450.0,1.58960e+008,1.58960e+008,1.42056e+006
38500.0,1.58691e+008,1.58691e+008,1.42123e+006
38550.0,1.58423e+008,1.58423e+008,1.42190e+006
38600.0,1.58154e+008,1.58154e+008,1.42256e+006
38650.0,1.57886e+008,1.57886e+008,1.42323e+006
38700.0,1.57617e+008,1.57617e+008,1.42390e+006
38750.0,1.57349e+008,1.57349e+008,1.42457e+006
38800.0,1.57080e+008,1.57080e+008,1.42524e+006
38850.0,1.56812e+008,1.56812e+008,1.42591e+006
38900.0,1.56543e+008,1.56543e+008,1.42658e+006
38950.0,1.56275e+008,1.56275e+008,1.42724e+006
39000.0,1.56007e+008,1.56007e+008,1.42791e+006
39050.0,1.55738e+008,1.55738e+008,1.42858e+006
39100.0,1.55470e+008,1.55470e+008,1.42925e+006
39150.0,1.55201e+008,1.55201e+008,1.42992e+006
39200.0,1.54933e+008,1.54933e+008,1.43059e+006
39250.0,1.54664e+008,1.54664e+008,1.43125e+006
39300.0,1.54396e+008,1.54396e+008,1.43192e+006
39350.0,1.54127e+008,1.54127e+008,1.43259e+006
39400.0,1.53859e+008,1.53859e+008,1.43326e+006
39450.0,1.53590e+008,1.53590e+008,1.43393e+006
39500.0,1.53322e+008,1.53322e+008,1.43460e+006
39550.0,1.53054e+008,1.53054e+008,1.43527e+006
39600.0,1.52785e+008,1.52785e+008,1.43593e+006
39650.0,1.52517e+008,1.52517e+008,1.43660e+006
39700.0,1.52248e+008,1.52248e+008,1.43727e+006
39750.0,1.51980e+008,1.51980e+008,1.43794e+006
39800.0,1.51711e+008,1.51711e+008,1.43861e+006
39850.0,1.51443e+008,1.51443e+008,1.43928e+006
39900.0,1.51174e+008,1.51174e+008,1.43994e+006
39950.0,1.50906e+008,1.50906e+008,1.44061e+006
